text,sentiment
Package arrived completely damaged due to careless handling by Zomato.,negative
Kudos to the Amazon team for always delivering top quality products.,positive
Saw an advertisement for PhonePe on YouTube yesterday.,neutral
Just had an amazing experience with @PhonePe. Thanks for the great service! #happy,positive
PhonePe charged my account twice for the exact same order.,negative
"Can't log into my Amazon account, getting internal error 500.",negative
Critical bug in Zomato app: cart empties itself on checkout.,negative
How long does standard delivery take on Swiggy?,neutral
The item I received from Amazon is broken and counterfeit.,negative
Seamless payment experience on PhonePe. Really happy with the new update.,positive
Pleasantly surprised by how quickly Swiggy handled my inquiry.,positive
Tracking status says delivered but I received nothing from Paytm.,negative
Has anyone tried the new premium subscription on Zomato?,neutral
five stars for amazon! loved the fast response and on-time order.,positive
Saw an advertisement for Amazon on YouTube yesterday.,neutral
Critical bug in PhonePe app: cart empties itself on checkout.,negative
Refund marked processed but not reflecting in my bank account from PhonePe.,negative
Delicious food and timely delivery by Flipkart. Will order again!,positive
Worst customer service experience ever with @Zomato. Rude agents.,negative
Super impressed with @Paytm! The driver was polite and order arrived early.,positive
Outstanding customer support from PhonePe. Solved my issue within 5 minutes!,positive
Five stars for Paytm! Loved the fast response and on-time order.,positive
Been stuck on hold for 45 mins with Swiggy phone support.,negative
App freezes every time I open the search tab on Paytm.,negative
Outstanding customer support from Amazon. Solved my issue within 5 minutes!,positive
"the automated bot on flipkart is useless, can never speak to a human.",negative
Where is my money @Paytm? Refund not processed after return #scam,negative
Critical bug in Paytm app: cart empties itself on checkout.,negative
Notice: Amazon scheduled maintenance tonight at midnight.,neutral
Received a spoiled item from Zomato. Horrible quality check.,negative
Paytm is the absolute best!!1! Delivery was super quick. https://example.com/xyz,positive
Saw an advertisement for Flipkart on YouTube yesterday.,neutral
App freezes every time I open the search tab on Zomato.,negative
"Great app, smooth UI and seamless checkout. Keep it up Zomato.",positive
PhonePe customer support is totally unresponsive and useless.,negative
"Can't log into my Flipkart account, getting internal error 500.",negative
"best platform ever, @phonepe you guys rock! five stars! ✨",positive
Highly recommend PhonePe for everyone! Great delivery and lovely packaging. #awesome,positive
Pleasantly surprised by how quickly Swiggy handled my inquiry.,positive
Pleasantly surprised by how quickly Swiggy handled my inquiry.,positive
Received a spoiled item from Flipkart. Horrible quality check.,negative
five stars for phonepe! loved the fast response and on-time order.,positive
Love using Zomato! Always reliable and fast. 💯,positive
"Very good experience with PhonePe. Easy to use, fast refunds when requested.",positive
Everything arrived in perfect condition. Thank you @Paytm!,positive
Five stars for Flipkart! Loved the fast response and on-time order.,positive
Just had an amazing experience with @Zomato. Thanks for the great service! #happy,positive
My order from Paytm is 3 days late! 😡 #fail #terrible,negative
Super impressed with @Zomato! The driver was polite and order arrived early.,positive
"Very good experience with Flipkart. Easy to use, fast refunds when requested.",positive
Super impressed with @PhonePe! The driver was polite and order arrived early.,positive
Outstanding customer support from Paytm. Solved my issue within 5 minutes!,positive
Package arrived completely damaged due to careless handling by PhonePe.,negative
Terrible quality from Amazon. Defective product right out of the box.,negative
Delicious food and timely delivery by Paytm. Will order again!,positive
Waiting for my scheduled delivery from Flipkart.,neutral
Kudos to the PhonePe team for always delivering top quality products.,positive
"Great app, smooth UI and seamless checkout. Keep it up PhonePe.",positive
Notice: Flipkart scheduled maintenance tonight at midnight.,neutral
"Late delivery again, Flipkart is so inconsistent and delayed.",negative
Super impressed with @Flipkart! The driver was polite and order arrived early.,positive
I think Zomato changed their user interface today.,neutral
Pleasantly surprised by how quickly PhonePe handled my inquiry.,positive
outstanding customer support from paytm. solved my issue within 5 minutes!,positive
Outstanding customer support from PhonePe. Solved my issue within 5 minutes!,positive
waiting for my scheduled delivery from flipkart.,neutral
"Best platform ever, @Swiggy you guys rock! Five stars! ✨",positive
Overcharged by Amazon on checkout and support refuses to adjust the bill.,negative
Trying out Flipkart for the first time this week.,neutral
Overcharged by Paytm on checkout and support refuses to adjust the bill.,negative
Saw an advertisement for Paytm on YouTube yesterday.,neutral
Still waiting for my pending refund from Flipkart after 3 weeks.,negative
What are good alternative platforms to Amazon?,neutral
"Food from Swiggy was cold, stale, and smelled awful.",negative
refund marked processed but not reflecting in my bank account from flipkart.,negative
Everything arrived in perfect condition. Thank you @PhonePe!,positive
kudos to the phonepe team for always delivering top quality products.,positive
Just comparing prices between Paytm and other apps.,neutral
"Late delivery again, Paytm is so inconsistent and delayed.",negative
Overcharged by PhonePe on checkout and support refuses to adjust the bill.,negative
Terrible quality from PhonePe. Defective product right out of the box.,negative
What are good alternative platforms to Swiggy?,neutral
Pleasantly surprised by how quickly Flipkart handled my inquiry.,positive
@Zomato please check your direct messages regarding my ticket.,neutral
Trying out Zomato for the first time this week.,neutral
Pleasantly surprised by how quickly PhonePe handled my inquiry.,positive
Flipkart is the absolute best!!1! Delivery was super quick. https://example.com/xyz,positive
paytm customer support is totally unresponsive and useless.,negative
Pleasantly surprised by how quickly Paytm handled my inquiry.,positive
Can you pay with crypto or UPI credit on PhonePe?,neutral
Outstanding customer support from Swiggy. Solved my issue within 5 minutes!,positive
Why is it impossible to get help from a representative at PhonePe?,negative
Delicious food and timely delivery by PhonePe. Will order again!,positive
Seamless payment experience on PhonePe. Really happy with the new update.,positive
Overcharged by Paytm on checkout and support refuses to adjust the bill.,negative
Notice: PhonePe scheduled maintenance tonight at midnight.,neutral
Can you pay with crypto or UPI credit on Paytm?,neutral
Love using Swiggy! Always reliable and fast. 💯,positive
Fix your buggy and glitchy app @Paytm! Buttons don't respond.,negative
Does anyone know how to change payment method on Paytm?,neutral
Five stars for Amazon! Loved the fast response and on-time order.,positive
Super impressed with @Paytm! The driver was polite and order arrived early.,positive
"The automated bot on Flipkart is useless, can never speak to a human.",negative
Can you pay with crypto or UPI credit on Amazon?,neutral
payment failed but the money was deducted from my bank by swiggy.,negative
Saw an advertisement for Paytm on YouTube yesterday.,neutral
Not what I expected from Swiggy. Looks fake and cheap.,negative
Loved the discount and lightning fast shipping on PhonePe today! 🎉,positive
Swiggy is the absolute best! Delivery was super quick. https://example.com/xyz,positive
Been stuck on hold for 45 mins with Swiggy phone support.,negative
Just had an amazing experience with @Amazon. Thanks for the great service!!1! #happy,positive
Waiting for my scheduled delivery from PhonePe.,neutral
The item I received from Swiggy is broken and counterfeit.,negative
Still waiting for my pending refund from Flipkart after 3 weeks.,negative
notice: amazon scheduled maintenance tonight at midnight.,neutral
My order from Swiggy is 3 days late! 😡 #fail #terrible,negative
Thank you PhonePe for the quick resolution and courteous team 😊,positive
Highly recommend Swiggy for everyone! Great delivery and lovely packaging. #awesome,positive
Thank you PhonePe for the quick resolution and courteous team 😊,positive
Loved the discount and lightning fast shipping on Paytm today! 🎉,positive
Does anyone know how to change payment method on Swiggy?,neutral
My order from Amazon is 3 days late! 😡 #fail #terrible,negative
@PhonePe please check your direct messages regarding my ticket.,neutral
Kudos to the Paytm team for always delivering top quality products.,positive
Tracking status says delivered but I received nothing from Paytm.,negative
Terrible quality from Zomato. Defective product right out of the box.,negative
"Returned the order 10 days ago, still no sign of refund from Zomato.",negative
Just had an amazing experience with @Zomato. Thanks for the great service! #happy,positive
Has anyone tried the new premium subscription on Flipkart?,neutral
Is Zomato servers down for anyone else right now?,neutral
Loved the discount and lightning fast shipping on Zomato today! 🎉,positive
Just downloaded the latest Zomato app update.,neutral
Saw an advertisement for Zomato on YouTube yesterday.,neutral
"Late delivery again, Paytm is so inconsistent and delayed.",negative
Five stars for Zomato! Loved the fast response and on-time order.,positive
Super impressed with @PhonePe! The driver was polite and order arrived early.,positive
"Great app, smooth UI and seamless checkout. Keep it up Flipkart.",positive
Thank you PhonePe for the quick resolution and courteous team 😊,positive
"Great delivery by @Paytm, loved it! Super fast and reliable. #satisfied",positive
App freezes every time I open the search tab on PhonePe.,negative
Love using Swiggy! Always reliable and fast. 💯,positive
"Best platform ever, @Swiggy you guys rock! Five stars! ✨",positive
Trying out Paytm for the first time this week.,neutral
The packaging from @Zomato was completely crushed and leaking.,negative
Flipkart arbitrarily rejected my valid return and refund claim.,negative
"Great delivery by @Paytm, loved it! Super fast and reliable. #satisfied",positive
Pleasantly surprised by how quickly Zomato handled my inquiry.,positive
Trying out Zomato for the first time this week.,neutral
Wondering if PhonePe delivers to rural postal codes.,neutral
PhonePe is the absolute best! Delivery was super quick. https://example.com/xyz,positive
Still waiting for my pending refund from Amazon after 3 weeks.,negative
The Swiggy app keeps crashing constantly when I try to pay.,negative
"Very good experience with Paytm. Easy to use, fast refunds when requested.",positive
Seamless payment experience on Swiggy. Really happy with the new update.,positive
Is Swiggy servers down for anyone else right now?,neutral
Loved the discount and lightning fast shipping on Amazon today! 🎉,positive
How long does standard delivery take on PhonePe?,neutral
Just downloaded the latest Swiggy app update.,neutral
Swiggy website is completely broken on checkout page.,negative
Critical bug in PhonePe app: cart empties itself on checkout.,negative
Hidden fees and unauthorized charges on Swiggy? Disgusting practice.,negative
Pleasantly surprised by how quickly Amazon handled my inquiry.,positive
Waiting for my scheduled delivery from Zomato.,neutral
PhonePe is the absolute best! Delivery was super quick. https://example.com/xyz,positive
Everything arrived in perfect condition. Thank you @Flipkart!,positive
Payment failed but the money was deducted from my bank by PhonePe.,negative
Five stars for Zomato! Loved the fast response and on-time order.,positive
"Late delivery again, PhonePe is so inconsistent and delayed.",negative
Is Paytm servers down for anyone else right now?,neutral
Kudos to the PhonePe team for always delivering top quality products.,positive
PhonePe website is completely broken on checkout page.,negative
just had an amazing experience with @amazon. thanks for the great service! #happy,positive
"Best platform ever, @Zomato you guys rock! Five stars! ✨",positive
PhonePe is the absolute best! Delivery was super quick. https://example.com/xyz,positive
still waiting for my pending refund from phonepe after 3 weeks.,negative
Highly recommend Paytm for everyone! Great delivery and lovely packaging. #awesome,positive
Notice: Amazon scheduled maintenance tonight at midnight.,neutral
Been stuck on hold for 45 mins with Paytm phone support.,negative
Zomato is the absolute best! Delivery was super quick. https://example.com/xyz,positive
Thank you Amazon for the quick resolution and courteous team 😊,positive
Waiting for my scheduled delivery from Flipkart.,neutral
does anyone know how to change payment method on swiggy?,neutral
Seamless payment experience on Zomato. Really happy with the new update.,positive
Been stuck on hold for 45 mins with Paytm phone support.,negative
Can you pay with crypto or UPI credit on PhonePe?,neutral
Tracking status says delivered but I received nothing from Amazon.,negative
Is PhonePe servers down for anyone else right now?,neutral
Is Paytm servers down for anyone else right now?,neutral
Thank you Zomato for the quick resolution and courteous team 😊,positive
Everything arrived in perfect condition. Thank you @Flipkart!,positive
Thank you Amazon for the quick resolution and courteous team 😊,positive
why did my subscription for phonepe auto-renew after i cancelled?,negative
love using phonepe! always reliable and fast. 💯,positive
Never got my delivery from @Amazon. Worst service ever.,negative
Just comparing prices between Paytm and other apps.,neutral
Love using Flipkart! Always reliable and fast. 💯,positive
Love using Paytm!!1! Always reliable and fast. 💯,positive
Pleasantly surprised by how quickly Amazon handled my inquiry.,positive
Overcharged by Amazon on checkout and support refuses to adjust the bill.,negative
"Returned the order 10 days ago, still no sign of refund from Zomato.",negative
Been stuck on hold for 45 mins with PhonePe phone support.,negative
"Great app, smooth UI and seamless checkout. Keep it up Amazon.",positive
"Best platform ever, @Flipkart you guys rock!!1! Five stars!!1! ✨",positive
absolutely fantastic service and prompt support from paytm today.,positive
Loved the discount and lightning fast shipping on Flipkart today! 🎉,positive
Terrible quality from Zomato. Defective product right out of the box.,negative
@Flipkart please check your direct messages regarding my ticket.,neutral
why is it impossible to get help from a representative at paytm?,negative
Pleasantly surprised by how quickly PhonePe handled my inquiry.,positive
Has anyone tried the new premium subscription on Flipkart?,neutral
Seamless payment experience on Amazon. Really happy with the new update.,positive
Been stuck on hold for 45 mins with Amazon phone support.,negative
package arrived completely damaged due to careless handling by zomato.,negative
Delicious food and timely delivery by Amazon. Will order again!,positive
Hidden fees and unauthorized charges on PhonePe? Disgusting practice.,negative
"best platform ever, @amazon you guys rock! five stars! ✨",positive
Tracking status says delivered but I received nothing from Zomato.,negative
I think Flipkart changed their user interface today.,neutral
Been stuck on hold for 45 mins with Paytm phone support.,negative
Just downloaded the latest Swiggy app update.,neutral
Five stars for Swiggy! Loved the fast response and on-time order.,positive
@PhonePe please check your direct messages regarding my ticket.,neutral
Thank you PhonePe for the quick resolution and courteous team 😊,positive
"Best platform ever, @Paytm you guys rock! Five stars! ✨",positive
Loved the discount and lightning fast shipping on PhonePe today! 🎉,positive
"Great delivery by @Zomato, loved it! Super fast and reliable. #satisfied",positive
hidden fees and unauthorized charges on amazon? disgusting practice.,negative
Not what I expected from Zomato. Looks fake and cheap.,negative
Absolutely fantastic service and prompt support from Zomato today.,positive
Hidden fees and unauthorized charges on Amazon? Disgusting practice.,negative
"returned the order 10 days ago, still no sign of refund from swiggy.",negative
delicious food and timely delivery by paytm. will order again!,positive
Just had an amazing experience with @PhonePe. Thanks for the great service! #happy,positive
My order from PhonePe is 3 days late! 😡 #fail #terrible,negative
"Very good experience with Swiggy. Easy to use, fast refunds when requested.",positive
The packaging from @Flipkart was completely crushed and leaking.,negative
PhonePe arbitrarily rejected my valid return and refund claim.,negative
does anyone know how to change payment method on zomato?,neutral
Can you pay with crypto or UPI credit on PhonePe?,neutral
@Swiggy please check your direct messages regarding my ticket.,neutral
amazon charged my account twice for the exact same order.,negative
Absolutely fantastic service and prompt support from Amazon today.,positive
What are good alternative platforms to Flipkart?,neutral
Why did my subscription for Zomato auto-renew after I cancelled?,negative
Delicious food and timely delivery by Amazon. Will order again!,positive
Seamless payment experience on Paytm. Really happy with the new update.,positive
Worst customer service experience ever with @Zomato. Rude agents.,negative
Seamless payment experience on Swiggy. Really happy with the new update.,positive
Why is it impossible to get help from a representative at Flipkart?,negative
Absolutely fantastic service and prompt support from PhonePe today.,positive
Terrible quality from Paytm. Defective product right out of the box.,negative
Is Zomato servers down for anyone else right now?,neutral
"Great app, smooth UI and seamless checkout. Keep it up Swiggy.",positive
Love using Swiggy! Always reliable and fast. 💯,positive
"great app, smooth ui and seamless checkout. keep it up zomato.",positive
My billing invoice from Swiggy has duplicate charges and incorrect tax.,negative
Critical bug in Paytm app: cart empties itself on checkout.,negative
Never got my delivery from @Paytm. Worst service ever.,negative
Kudos to the PhonePe team for always delivering top quality products.,positive
Has anyone tried the new premium subscription on Flipkart?,neutral
Just had an amazing experience with @PhonePe. Thanks for the great service! #happy,positive
Notice: PhonePe scheduled maintenance tonight at midnight.,neutral
my billing invoice from zomato has duplicate charges and incorrect tax.,negative
Thank you Zomato for the quick resolution and courteous team 😊,positive
Received a spoiled item from Zomato. Horrible quality check.,negative
Terrible quality from Flipkart. Defective product right out of the box.,negative
Notice: Swiggy scheduled maintenance tonight at midnight.,neutral
"Great delivery by @Zomato, loved it! Super fast and reliable. #satisfied",positive
I think Flipkart changed their user interface today.,neutral
Can you pay with crypto or UPI credit on Swiggy?,neutral
Using Amazon makes my daily routine so much easier and pleasant.,positive
Trying out Amazon for the first time this week.,neutral
Has anyone tried the new premium subscription on Amazon?,neutral
Loved the discount and lightning fast shipping on Paytm today! 🎉,positive
Highly recommend Paytm for everyone! Great delivery and lovely packaging. #awesome,positive
loved the discount and lightning fast shipping on swiggy today! 🎉,positive
The item I received from Flipkart is broken and counterfeit.,negative
"The automated bot on Swiggy is useless, can never speak to a human.",negative
has anyone tried the new premium subscription on paytm?,neutral
What are good alternative platforms to Swiggy?,neutral
"great app, smooth ui and seamless checkout. keep it up phonepe.",positive
Super impressed with @Zomato! The driver was polite and order arrived early.,positive
Thank you PhonePe for the quick resolution and courteous team 😊,positive
Why did my subscription for PhonePe auto-renew after I cancelled?,negative
Outstanding customer support from Amazon. Solved my issue within 5 minutes!,positive
Received a spoiled item from PhonePe. Horrible quality check.,negative
"Best platform ever, @Flipkart you guys rock! Five stars! ✨",positive
My order from Zomato is 3 days late! 😡 #fail #terrible,negative
Delicious food and timely delivery by Amazon. Will order again!,positive
support representative closed my ticket without resolving anything on amazon.,negative
Loved the discount and lightning fast shipping on PhonePe today! 🎉,positive
Using Amazon makes my daily routine so much easier and pleasant.,positive
Delicious food and timely delivery by PhonePe. Will order again!,positive
Just comparing prices between Amazon and other apps.,neutral
Still waiting for my pending refund from PhonePe after 3 weeks.,negative
I demand my money back Zomato! Fraudulent refusal to refund.,negative
"Great delivery by @Swiggy, loved it! Super fast and reliable. #satisfied",positive
Kudos to the Swiggy team for always delivering top quality products.,positive
critical bug in paytm app: cart empties itself on checkout.,negative
Pleasantly surprised by how quickly Swiggy handled my inquiry.,positive
Why is it impossible to get help from a representative at Flipkart?,negative
The item I received from Zomato is broken and counterfeit.,negative
Highly recommend Zomato for everyone! Great delivery and lovely packaging. #awesome,positive
Just downloaded the latest Amazon app update.,neutral
"Best platform ever, @Zomato you guys rock! Five stars! ✨",positive
Everything arrived in perfect condition. Thank you @Paytm!,positive
"Food from Zomato was cold, stale, and smelled awful.",negative
does anyone know how to change payment method on paytm?,neutral
Absolutely fantastic service and prompt support from Paytm today.,positive
Just had an amazing experience with @PhonePe. Thanks for the great service! #happy,positive
What are good alternative platforms to Zomato?,neutral
Swiggy is the absolute best! Delivery was super quick. https://example.com/xyz,positive
Everything arrived in perfect condition. Thank you @Zomato!!1!,positive
Absolutely fantastic service and prompt support from Paytm today.,positive
Critical bug in Zomato app: cart empties itself on checkout.,negative
Saw an advertisement for Zomato on YouTube yesterday.,neutral
Pleasantly surprised by how quickly Zomato handled my inquiry.,positive
loved the discount and lightning fast shipping on amazon today! 🎉,positive
Super impressed with @Paytm! The driver was polite and order arrived early.,positive
Package arrived completely damaged due to careless handling by Zomato.,negative
Five stars for Amazon! Loved the fast response and on-time order.,positive
How long does standard delivery take on Amazon?,neutral
Refund marked processed but not reflecting in my bank account from Swiggy.,negative
loved the discount and lightning fast shipping on zomato today! 🎉,positive
Overcharged by Flipkart on checkout and support refuses to adjust the bill.,negative
"Great delivery by @Swiggy, loved it! Super fast and reliable. #satisfied",positive
"the automated bot on amazon is useless, can never speak to a human.",negative
Just comparing prices between Flipkart and other apps.,neutral
"Great delivery by @Amazon, loved it! Super fast and reliable. #satisfied",positive
Payment failed but the money was deducted from my bank by Swiggy.,negative
How long does standard delivery take on PhonePe?,neutral
Loved the discount and lightning fast shipping on Paytm today! 🎉,positive
I demand my money back Zomato! Fraudulent refusal to refund.,negative
"Can't log into my PhonePe account, getting internal error 500.",negative
"Great delivery by @Paytm, loved it! Super fast and reliable. #satisfied",positive
My billing invoice from Paytm has duplicate charges and incorrect tax.,negative
Everything arrived in perfect condition. Thank you @PhonePe!,positive
Seamless payment experience on Swiggy. Really happy with the new update.,positive
I think Amazon changed their user interface today.,neutral
Still waiting for my pending refund from Swiggy after 3 weeks.,negative
Pleasantly surprised by how quickly Amazon handled my inquiry.,positive
Payment failed but the money was deducted from my bank by Swiggy.,negative
Saw an advertisement for PhonePe on YouTube yesterday.,neutral
PhonePe charged my account twice for the exact same order.,negative
"Returned the order 10 days ago, still no sign of refund from Swiggy.",negative
Using Flipkart makes my daily routine so much easier and pleasant.,positive
Just comparing prices between Zomato and other apps.,neutral
What are good alternative platforms to Paytm?,neutral
five stars for paytm! loved the fast response and on-time order.,positive
Just comparing prices between Paytm and other apps.,neutral
Outstanding customer support from Zomato. Solved my issue within 5 minutes!,positive
trying out flipkart for the first time this week.,neutral
Waited 4 hours for my food delivery from @Swiggy. Disgraceful delay.,negative
Where is my money @Flipkart? Refund not processed after return #scam,negative
wondering if amazon delivers to rural postal codes.,neutral
Notice: Paytm scheduled maintenance tonight at midnight.,neutral
Where is my money @Amazon? Refund not processed after return #scam,negative
Can you pay with crypto or UPI credit on PhonePe?,neutral
Has anyone tried the new premium subscription on Flipkart?,neutral
loved the discount and lightning fast shipping on swiggy today! 🎉,positive
Wondering if Paytm delivers to rural postal codes.,neutral
Zomato arbitrarily rejected my valid return and refund claim.,negative
Tracking status says delivered but I received nothing from Swiggy.,negative
Love using PhonePe! Always reliable and fast. 💯,positive
notice: paytm scheduled maintenance tonight at midnight.,neutral
Everything arrived in perfect condition. Thank you @Flipkart!,positive
Loved the discount and lightning fast shipping on Swiggy today! 🎉,positive
Just downloaded the latest Zomato app update.,neutral
Refund marked processed but not reflecting in my bank account from Swiggy.,negative
Thank you Flipkart for the quick resolution and courteous team 😊,positive
"Best platform ever, @Swiggy you guys rock! Five stars! ✨",positive
just had an amazing experience with @paytm. thanks for the great service! #happy,positive
Thank you Paytm for the quick resolution and courteous team 😊,positive
"late delivery again, swiggy is so inconsistent and delayed.",negative
Love using Swiggy! Always reliable and fast. 💯,positive
"Great app, smooth UI and seamless checkout. Keep it up Zomato.",positive
Saw an advertisement for Swiggy on YouTube yesterday.,neutral
Just comparing prices between Amazon and other apps.,neutral
Seamless payment experience on Amazon. Really happy with the new update.,positive
Worst customer service experience ever with @Zomato. Rude agents.,negative
Is Zomato servers down for anyone else right now?,neutral
Never got my delivery from @PhonePe. Worst service ever.,negative
Kudos to the Swiggy team for always delivering top quality products.,positive
Support representative closed my ticket without resolving anything on Amazon.,negative
Highly recommend Paytm for everyone! Great delivery and lovely packaging. #awesome,positive
Loved the discount and lightning fast shipping on Flipkart today! 🎉,positive
Trying out Amazon for the first time this week.,neutral
Does anyone know how to change payment method on Amazon?,neutral
Super impressed with @Swiggy! The driver was polite and order arrived early.,positive
Payment failed but the money was deducted from my bank by Paytm.,negative
Super impressed with @Amazon! The driver was polite and order arrived early.,positive
The item I received from PhonePe is broken and counterfeit.,negative
App freezes every time I open the search tab on Paytm.,negative
Love using Zomato! Always reliable and fast. 💯,positive
Delivery driver from Swiggy was extremely rude and unhelpful.,negative
support representative closed my ticket without resolving anything on swiggy.,negative
Seamless payment experience on Zomato. Really happy with the new update.,positive
Pleasantly surprised by how quickly Zomato handled my inquiry.,positive
Kudos to the PhonePe team for always delivering top quality products.,positive
Why is it impossible to get help from a representative at Zomato?,negative
How long does standard delivery take on Flipkart?,neutral
saw an advertisement for swiggy on youtube yesterday.,neutral
Highly recommend Zomato for everyone! Great delivery and lovely packaging. #awesome,positive
The Swiggy app keeps crashing constantly when I try to pay.,negative
"food from zomato was cold, stale, and smelled awful.",negative
Refund marked processed but not reflecting in my bank account from Swiggy.,negative
The item I received from Flipkart is broken and counterfeit.,negative
the amazon app keeps crashing constantly when i try to pay.,negative
Everything arrived in perfect condition. Thank you @Zomato!,positive
@Zomato please check your direct messages regarding my ticket.,neutral
Paytm customer support is totally unresponsive and useless.,negative
Love using Amazon! Always reliable and fast. 💯,positive
Just downloaded the latest Zomato app update.,neutral
I think Amazon changed their user interface today.,neutral
Does anyone know how to change payment method on Zomato?,neutral
PhonePe is the absolute best! Delivery was super quick. https://example.com/xyz,positive
Payment failed but the money was deducted from my bank by Zomato.,negative
Why did my subscription for Amazon auto-renew after I cancelled?,negative
Still waiting for my pending refund from Zomato after 3 weeks.,negative
"Great delivery by @Amazon, loved it! Super fast and reliable. #satisfied",positive
Can you pay with crypto or UPI credit on Paytm?,neutral
Outstanding customer support from Flipkart. Solved my issue within 5 minutes!,positive
Notice: Paytm scheduled maintenance tonight at midnight.,neutral
"Returned the order 10 days ago, still no sign of refund from Flipkart.",negative
Hidden fees and unauthorized charges on Paytm? Disgusting practice.,negative
Terrible quality from Paytm. Defective product right out of the box.,negative
Five stars for Zomato! Loved the fast response and on-time order.,positive
Support representative closed my ticket without resolving anything on Swiggy.,negative
Why is it impossible to get help from a representative at Amazon?,negative
Is Zomato servers down for anyone else right now?,neutral
Received a spoiled item from PhonePe. Horrible quality check.,negative
Kudos to the Amazon team for always delivering top quality products.,positive
The PhonePe app keeps crashing constantly when I try to pay.,negative
Absolutely fantastic service and prompt support from Flipkart today.,positive
Received a spoiled item from Zomato. Horrible quality check.,negative
"Great delivery by @Flipkart, loved it!!1! Super fast and reliable. #satisfied",positive
Worst customer service experience ever with @Zomato. Rude agents.,negative
"Returned the order 10 days ago, still no sign of refund from Zomato.",negative
Has anyone tried the new premium subscription on Flipkart?,neutral
Tracking status says delivered but I received nothing from PhonePe.,negative
"The automated bot on Amazon is useless, can never speak to a human.",negative
How long does standard delivery take on Zomato?,neutral
Trying out Paytm for the first time this week.,neutral
Notice: Swiggy scheduled maintenance tonight at midnight.,neutral
Refund marked processed but not reflecting in my bank account from PhonePe.,negative
Just comparing prices between PhonePe and other apps.,neutral
just downloaded the latest flipkart app update.,neutral
App freezes every time I open the search tab on Paytm.,negative
Has anyone tried the new premium subscription on PhonePe?,neutral
Not what I expected from PhonePe. Looks fake and cheap.,negative
Using Amazon makes my daily routine so much easier and pleasant.,positive
Kudos to the Paytm team for always delivering top quality products.,positive
Is Flipkart servers down for anyone else right now?,neutral
Refund marked processed but not reflecting in my bank account from PhonePe.,negative
Outstanding customer support from PhonePe. Solved my issue within 5 minutes!,positive
just downloaded the latest zomato app update.,neutral
Is Zomato servers down for anyone else right now?,neutral
@Zomato please check your direct messages regarding my ticket.,neutral
Wondering if Zomato delivers to rural postal codes.,neutral
Just comparing prices between Zomato and other apps.,neutral
Package arrived completely damaged due to careless handling by Zomato.,negative
My order from Amazon is 3 days late! 😡 #fail #terrible,negative
What are good alternative platforms to Amazon?,neutral
Has anyone tried the new premium subscription on Flipkart?,neutral
Received a spoiled item from Swiggy. Horrible quality check.,negative
Seamless payment experience on Amazon. Really happy with the new update.,positive
I demand my money back Zomato! Fraudulent refusal to refund.,negative
I think Zomato changed their user interface today.,neutral
Hidden fees and unauthorized charges on Paytm? Disgusting practice.,negative
Using Paytm makes my daily routine so much easier and pleasant.,positive
Critical bug in PhonePe app: cart empties itself on checkout.,negative
Loved the discount and lightning fast shipping on PhonePe today! 🎉,positive
How long does standard delivery take on Amazon?,neutral
Loved the discount and lightning fast shipping on Flipkart today! 🎉,positive
Can you pay with crypto or UPI credit on Zomato?,neutral
Wondering if Zomato delivers to rural postal codes.,neutral
Five stars for Amazon! Loved the fast response and on-time order.,positive
absolutely fantastic service and prompt support from swiggy today.,positive
Five stars for Paytm! Loved the fast response and on-time order.,positive
Trying out Swiggy for the first time this week.,neutral
Seamless payment experience on Flipkart. Really happy with the new update.,positive
Why is it impossible to get help from a representative at Swiggy?,negative
Love using Paytm! Always reliable and fast. 💯,positive
Worst customer service experience ever with @Flipkart. Rude agents.,negative
Is Flipkart servers down for anyone else right now?,neutral
zomato is the absolute best! delivery was super quick. https://example.com/xyz,positive
My order from Swiggy is 3 days late! 😡 #fail #terrible,negative
Is Paytm servers down for anyone else right now?,neutral
Received a spoiled item from Swiggy. Horrible quality check.,negative
"Great app, smooth UI and seamless checkout. Keep it up Paytm.",positive
Where is my money @Flipkart? Refund not processed after return #scam,negative
Where is my money @Swiggy? Refund not processed after return #scam,negative
How long does standard delivery take on Amazon?,neutral
"Great delivery by @Amazon, loved it! Super fast and reliable. #satisfied",positive
Has anyone tried the new premium subscription on Zomato?,neutral
How long does standard delivery take on Paytm?,neutral
Everything arrived in perfect condition. Thank you @PhonePe!,positive
My billing invoice from Amazon has duplicate charges and incorrect tax.,negative
Outstanding customer support from Amazon. Solved my issue within 5 minutes!,positive
Waiting for my scheduled delivery from Paytm.,neutral
Love using Zomato! Always reliable and fast. 💯,positive
Absolutely fantastic service and prompt support from Swiggy today.,positive
Just downloaded the latest Paytm app update.,neutral
Delicious food and timely delivery by PhonePe. Will order again!,positive
I demand my money back Amazon!!1! Fraudulent refusal to refund.,negative
Wondering if Paytm delivers to rural postal codes.,neutral
I demand my money back Swiggy! Fraudulent refusal to refund.,negative
Delivery driver from Paytm was extremely rude and unhelpful.,negative
super impressed with @zomato! the driver was polite and order arrived early.,positive
"Great delivery by @Paytm, loved it! Super fast and reliable. #satisfied",positive
Just had an amazing experience with @Swiggy. Thanks for the great service! #happy,positive
Wondering if Amazon delivers to rural postal codes.,neutral
Super impressed with @Swiggy! The driver was polite and order arrived early.,positive
Highly recommend PhonePe for everyone! Great delivery and lovely packaging. #awesome,positive
Everything arrived in perfect condition. Thank you @Amazon!,positive
kudos to the flipkart team for always delivering top quality products.,positive
saw an advertisement for amazon on youtube yesterday.,neutral
Waiting for my scheduled delivery from PhonePe.,neutral
Can you pay with crypto or UPI credit on Zomato?,neutral
Can you pay with crypto or UPI credit on Swiggy?,neutral
Loved the discount and lightning fast shipping on Amazon today! 🎉,positive
Is Paytm servers down for anyone else right now?,neutral
has anyone tried the new premium subscription on flipkart?,neutral
What are good alternative platforms to PhonePe?,neutral
Pleasantly surprised by how quickly Zomato handled my inquiry.,positive
PhonePe is the absolute best! Delivery was super quick. https://example.com/xyz,positive
Is Amazon servers down for anyone else right now?,neutral
Received a spoiled item from Amazon. Horrible quality check.,negative
Wondering if Paytm delivers to rural postal codes.,neutral
I think Zomato changed their user interface today.,neutral
Package arrived completely damaged due to careless handling by Zomato.,negative
Just comparing prices between Flipkart and other apps.,neutral
Hidden fees and unauthorized charges on Zomato? Disgusting practice.,negative
"Very good experience with Swiggy. Easy to use, fast refunds when requested.",positive
PhonePe is the absolute best! Delivery was super quick. https://example.com/xyz,positive
Absolutely fantastic service and prompt support from Flipkart today.,positive
Using Amazon makes my daily routine so much easier and pleasant.,positive
Been stuck on hold for 45 mins with Zomato phone support.,negative
App freezes every time I open the search tab on Paytm.,negative
Thank you Flipkart for the quick resolution and courteous team 😊,positive
"Best platform ever, @PhonePe you guys rock! Five stars! ✨",positive
Has anyone tried the new premium subscription on PhonePe?,neutral
Wondering if Swiggy delivers to rural postal codes.,neutral
Has anyone tried the new premium subscription on Paytm?,neutral
Delicious food and timely delivery by PhonePe. Will order again!,positive
Delicious food and timely delivery by Paytm. Will order again!,positive
How long does standard delivery take on Swiggy?,neutral
Kudos to the Flipkart team for always delivering top quality products.,positive
Outstanding customer support from Zomato. Solved my issue within 5 minutes!,positive
Swiggy website is completely broken on checkout page.,negative
Can you pay with crypto or UPI credit on Swiggy?,neutral
Swiggy charged my account twice for the exact same order.,negative
What are good alternative platforms to Swiggy?,neutral
Just downloaded the latest Swiggy app update.,neutral
How long does standard delivery take on Swiggy?,neutral
Received a spoiled item from Paytm. Horrible quality check.,negative
Waited 4 hours for my food delivery from @Paytm. Disgraceful delay.,negative
critical bug in zomato app: cart empties itself on checkout.,negative
Terrible quality from Flipkart. Defective product right out of the box.,negative
Kudos to the PhonePe team for always delivering top quality products.,positive
"Food from Zomato was cold, stale, and smelled awful.",negative
Five stars for PhonePe!!1! Loved the fast response and on-time order.,positive
"Food from Swiggy was cold, stale, and smelled awful.",negative
worst customer service experience ever with @paytm. rude agents.,negative
Critical bug in Flipkart app: cart empties itself on checkout.,negative
Waiting for my scheduled delivery from Zomato.,neutral
Super impressed with @Zomato! The driver was polite and order arrived early.,positive
Package arrived completely damaged due to careless handling by Amazon.,negative
terrible quality from zomato. defective product right out of the box.,negative
delicious food and timely delivery by flipkart. will order again!,positive
Wondering if Flipkart delivers to rural postal codes.,neutral
payment failed but the money was deducted from my bank by flipkart.,negative
Why is it impossible to get help from a representative at Flipkart?,negative
Loved the discount and lightning fast shipping on PhonePe today! 🎉,positive
I think Flipkart changed their user interface today.,neutral
Notice: Flipkart scheduled maintenance tonight at midnight.,neutral
What are good alternative platforms to Amazon?,neutral
Everything arrived in perfect condition. Thank you @Paytm!,positive
Pleasantly surprised by how quickly Flipkart handled my inquiry.,positive
Payment failed but the money was deducted from my bank by Flipkart.,negative
Still waiting for my pending refund from Swiggy after 3 weeks.,negative
"Very good experience with Zomato. Easy to use, fast refunds when requested.",positive
Why did my subscription for PhonePe auto-renew after I cancelled?,negative
Kudos to the Amazon team for always delivering top quality products.,positive
Delivery driver from Zomato was extremely rude and unhelpful.,negative
Seamless payment experience on Paytm. Really happy with the new update.,positive
"Food from Paytm was cold, stale, and smelled awful.",negative
Absolutely fantastic service and prompt support from Amazon today.,positive
Using Amazon makes my daily routine so much easier and pleasant.,positive
Kudos to the Amazon team for always delivering top quality products.,positive
Payment failed but the money was deducted from my bank by Paytm.,negative
"Best platform ever, @Zomato you guys rock! Five stars! ✨",positive
Love using Zomato! Always reliable and fast. 💯,positive
Flipkart arbitrarily rejected my valid return and refund claim.,negative
Saw an advertisement for Swiggy on YouTube yesterday.,neutral
Never got my delivery from @Zomato. Worst service ever.,negative
Love using Zomato! Always reliable and fast. 💯,positive
swiggy is the absolute best! delivery was super quick. https://example.com/xyz,positive
Highly recommend PhonePe for everyone! Great delivery and lovely packaging. #awesome,positive
PhonePe customer support is totally unresponsive and useless.,negative
Been stuck on hold for 45 mins with Paytm phone support.,negative
Just had an amazing experience with @Paytm. Thanks for the great service! #happy,positive
Saw an advertisement for Zomato on YouTube yesterday.,neutral
Five stars for PhonePe! Loved the fast response and on-time order.,positive
"Great app, smooth UI and seamless checkout. Keep it up Amazon.",positive
"Best platform ever, @Flipkart you guys rock! Five stars! ✨",positive
Not what I expected from Paytm. Looks fake and cheap.,negative
Love using Zomato! Always reliable and fast. 💯,positive
"Best platform ever, @Flipkart you guys rock! Five stars! ✨",positive
Absolutely fantastic service and prompt support from Zomato today.,positive
Package arrived completely damaged due to careless handling by Amazon.,negative
"Best platform ever, @Flipkart you guys rock! Five stars! ✨",positive
Waiting for my scheduled delivery from Flipkart.,neutral
Thank you PhonePe for the quick resolution and courteous team 😊,positive
Everything arrived in perfect condition. Thank you @Swiggy!,positive
Has anyone tried the new premium subscription on Paytm?,neutral
wondering if zomato delivers to rural postal codes.,neutral
"Very good experience with PhonePe. Easy to use, fast refunds when requested.",positive
Trying out Zomato for the first time this week.,neutral
Thank you Paytm for the quick resolution and courteous team 😊,positive
Seamless payment experience on PhonePe. Really happy with the new update.,positive
Everything arrived in perfect condition. Thank you @Paytm!,positive
Notice: Zomato scheduled maintenance tonight at midnight.,neutral
Outstanding customer support from Zomato. Solved my issue within 5 minutes!,positive
Refund marked processed but not reflecting in my bank account from Paytm.,negative
Love using Amazon! Always reliable and fast. 💯,positive
Using Zomato makes my daily routine so much easier and pleasant.,positive
waited 4 hours for my food delivery from @flipkart. disgraceful delay.,negative
Delicious food and timely delivery by Paytm. Will order again!,positive
Five stars for Zomato! Loved the fast response and on-time order.,positive
Refund marked processed but not reflecting in my bank account from PhonePe.,negative
Not what I expected from Amazon. Looks fake and cheap.,negative
Absolutely fantastic service and prompt support from Swiggy today.,positive
Delicious food and timely delivery by Paytm. Will order again!,positive
I think Flipkart changed their user interface today.,neutral
Loved the discount and lightning fast shipping on Amazon today! 🎉,positive
Using Flipkart makes my daily routine so much easier and pleasant.,positive
Wondering if PhonePe delivers to rural postal codes.,neutral
Just had an amazing experience with @Amazon. Thanks for the great service! #happy,positive
does anyone know how to change payment method on paytm?,neutral
Highly recommend PhonePe for everyone! Great delivery and lovely packaging. #awesome,positive
Seamless payment experience on PhonePe. Really happy with the new update.,positive
Is Swiggy servers down for anyone else right now?,neutral
"The automated bot on Zomato is useless, can never speak to a human.",negative
"Late delivery again, Zomato is so inconsistent and delayed.",negative
Overcharged by Flipkart on checkout and support refuses to adjust the bill.,negative
Does anyone know how to change payment method on Paytm?,neutral
Waited 4 hours for my food delivery from @Amazon. Disgraceful delay.,negative
Pleasantly surprised by how quickly Zomato handled my inquiry.,positive
Refund marked processed but not reflecting in my bank account from Zomato.,negative
"Great app, smooth UI and seamless checkout. Keep it up PhonePe.",positive
"Food from PhonePe was cold, stale, and smelled awful.",negative
I think Flipkart changed their user interface today.,neutral
Absolutely fantastic service and prompt support from Zomato today.,positive
Using Swiggy makes my daily routine so much easier and pleasant.,positive
Critical bug in Paytm app: cart empties itself on checkout.,negative
Where is my money @Flipkart? Refund not processed after return #scam,negative
Terrible quality from Zomato. Defective product right out of the box.,negative
Highly recommend Swiggy for everyone! Great delivery and lovely packaging. #awesome,positive
five stars for zomato! loved the fast response and on-time order.,positive
Support representative closed my ticket without resolving anything on Zomato.,negative
tracking status says delivered but i received nothing from phonepe.,negative
Seamless payment experience on Swiggy. Really happy with the new update.,positive
Pleasantly surprised by how quickly Paytm handled my inquiry.,positive
Swiggy arbitrarily rejected my valid return and refund claim.,negative
Thank you Swiggy for the quick resolution and courteous team 😊,positive
Absolutely fantastic service and prompt support from Paytm today.,positive
Love using Paytm! Always reliable and fast. 💯,positive
Swiggy charged my account twice for the exact same order.,negative
Never got my delivery from @Flipkart. Worst service ever.,negative
Payment failed but the money was deducted from my bank by Amazon.,negative
Terrible quality from Swiggy. Defective product right out of the box.,negative
Swiggy arbitrarily rejected my valid return and refund claim.,negative
Delivery driver from Flipkart was extremely rude and unhelpful.,negative
Loved the discount and lightning fast shipping on PhonePe today! 🎉,positive
Never got my delivery from @Flipkart. Worst service ever.,negative
Has anyone tried the new premium subscription on Flipkart?,neutral
Support representative closed my ticket without resolving anything on Zomato.,negative
Seamless payment experience on Amazon. Really happy with the new update.,positive
Using PhonePe makes my daily routine so much easier and pleasant.,positive
How long does standard delivery take on Zomato?,neutral
"Very good experience with Swiggy. Easy to use, fast refunds when requested.",positive
Just had an amazing experience with @PhonePe. Thanks for the great service! #happy,positive
Received a spoiled item from Paytm. Horrible quality check.,negative
Saw an advertisement for Flipkart on YouTube yesterday.,neutral
absolutely fantastic service and prompt support from phonepe today.,positive
Amazon website is completely broken on checkout page.,negative
Waiting for my scheduled delivery from Paytm.,neutral
I think Swiggy changed their user interface today.,neutral
just comparing prices between swiggy and other apps.,neutral
Five stars for Flipkart! Loved the fast response and on-time order.,positive
Loved the discount and lightning fast shipping on PhonePe today! 🎉,positive
What are good alternative platforms to Amazon?,neutral
How long does standard delivery take on Amazon?,neutral
How long does standard delivery take on Amazon?,neutral
"Great delivery by @Paytm, loved it! Super fast and reliable. #satisfied",positive
"can't log into my zomato account, getting internal error 500.",negative
Just had an amazing experience with @PhonePe. Thanks for the great service! #happy,positive
not what i expected from swiggy. looks fake and cheap.,negative
Never got my delivery from @Zomato. Worst service ever.,negative
Saw an advertisement for Zomato on YouTube yesterday.,neutral
Swiggy is the absolute best! Delivery was super quick. https://example.com/xyz,positive
Seamless payment experience on Swiggy. Really happy with the new update.,positive
Paytm arbitrarily rejected my valid return and refund claim.,negative
"Best platform ever, @Paytm you guys rock! Five stars! ✨",positive
Has anyone tried the new premium subscription on Zomato?,neutral
Support representative closed my ticket without resolving anything on PhonePe.,negative
how long does standard delivery take on swiggy?,neutral
Package arrived completely damaged due to careless handling by Flipkart.,negative
I demand my money back Amazon! Fraudulent refusal to refund.,negative
trying out paytm for the first time this week.,neutral
I demand my money back Amazon! Fraudulent refusal to refund.,negative
Fix your buggy and glitchy app @PhonePe! Buttons don't respond.,negative
The item I received from PhonePe is broken and counterfeit.,negative
Seamless payment experience on Amazon. Really happy with the new update.,positive
"Very good experience with Paytm. Easy to use, fast refunds when requested.",positive
Using Zomato makes my daily routine so much easier and pleasant.,positive
Notice: Flipkart scheduled maintenance tonight at midnight.,neutral
fix your buggy and glitchy app @amazon!!1! buttons don't respond.,negative
just downloaded the latest swiggy app update.,neutral
Highly recommend Swiggy for everyone! Great delivery and lovely packaging. #awesome,positive
Just downloaded the latest Flipkart app update.,neutral
Why did my subscription for Swiggy auto-renew after I cancelled?,negative
Tracking status says delivered but I received nothing from PhonePe.,negative
Love using Paytm! Always reliable and fast. 💯,positive
Flipkart is the absolute best! Delivery was super quick. https://example.com/xyz,positive
Thank you Amazon for the quick resolution and courteous team 😊,positive
Overcharged by Amazon on checkout and support refuses to adjust the bill.,negative
"Great app, smooth UI and seamless checkout. Keep it up Zomato.",positive
delicious food and timely delivery by flipkart. will order again!,positive
Pleasantly surprised by how quickly Swiggy handled my inquiry.,positive
"Great delivery by @Zomato, loved it! Super fast and reliable. #satisfied",positive
Has anyone tried the new premium subscription on Flipkart?,neutral
"Food from Paytm was cold, stale, and smelled awful.",negative
The packaging from @PhonePe was completely crushed and leaking.,negative
Using Zomato makes my daily routine so much easier and pleasant.,positive
Just downloaded the latest PhonePe app update.,neutral
Waiting for my scheduled delivery from Paytm.,neutral
What are good alternative platforms to Paytm?,neutral
Not what I expected from Paytm. Looks fake and cheap.,negative
Thank you Paytm for the quick resolution and courteous team 😊,positive
What are good alternative platforms to Zomato?,neutral
"Very good experience with Amazon. Easy to use, fast refunds when requested.",positive
"Best platform ever, @Swiggy you guys rock! Five stars! ✨",positive
Pleasantly surprised by how quickly Amazon handled my inquiry.,positive
Received a spoiled item from Paytm. Horrible quality check.,negative
Support representative closed my ticket without resolving anything on PhonePe.,negative
I think Flipkart changed their user interface today.,neutral
Outstanding customer support from PhonePe. Solved my issue within 5 minutes!,positive
Overcharged by Amazon on checkout and support refuses to adjust the bill.,negative
"Great app, smooth UI and seamless checkout. Keep it up PhonePe.",positive
Everything arrived in perfect condition. Thank you @Paytm!,positive
Can you pay with crypto or UPI credit on Amazon?,neutral
terrible quality from zomato. defective product right out of the box.,negative
Saw an advertisement for Amazon on YouTube yesterday.,neutral
Using Flipkart makes my daily routine so much easier and pleasant.,positive
Flipkart is the absolute best! Delivery was super quick. https://example.com/xyz,positive
Flipkart is the absolute best! Delivery was super quick. https://example.com/xyz,positive
Package arrived completely damaged due to careless handling by PhonePe.,negative
"Great app, smooth UI and seamless checkout. Keep it up Amazon.",positive
Outstanding customer support from Amazon. Solved my issue within 5 minutes!,positive
Everything arrived in perfect condition. Thank you @Amazon!,positive
Wondering if PhonePe delivers to rural postal codes.,neutral
"Great app, smooth UI and seamless checkout. Keep it up Paytm.",positive
Just downloaded the latest Flipkart app update.,neutral
Fix your buggy and glitchy app @Flipkart! Buttons don't respond.,negative
Absolutely fantastic service and prompt support from Swiggy today.,positive
"Great delivery by @Flipkart, loved it! Super fast and reliable. #satisfied",positive
Still waiting for my pending refund from Amazon after 3 weeks.,negative
"Great app, smooth UI and seamless checkout. Keep it up Amazon.",positive
Love using Paytm! Always reliable and fast. 💯,positive
Terrible quality from Swiggy. Defective product right out of the box.,negative
Is Flipkart servers down for anyone else right now?,neutral
Does anyone know how to change payment method on Swiggy?,neutral
"great app, smooth ui and seamless checkout. keep it up phonepe.",positive
Outstanding customer support from Zomato. Solved my issue within 5 minutes!,positive
Hidden fees and unauthorized charges on Zomato? Disgusting practice.,negative
"Late delivery again, Swiggy is so inconsistent and delayed.",negative
"Can't log into my Amazon account, getting internal error 500.",negative
I think Paytm changed their user interface today.,neutral
Notice: Swiggy scheduled maintenance tonight at midnight.,neutral
Waited 4 hours for my food delivery from @Swiggy. Disgraceful delay.,negative
Why did my subscription for Swiggy auto-renew after I cancelled?,negative
@Amazon please check your direct messages regarding my ticket.,neutral
Absolutely fantastic service and prompt support from Swiggy today.,positive
@Zomato please check your direct messages regarding my ticket.,neutral
Why did my subscription for Paytm auto-renew after I cancelled?,negative
trying out phonepe for the first time this week.,neutral
just comparing prices between paytm and other apps.,neutral
"Very good experience with Amazon. Easy to use, fast refunds when requested.",positive
"Great app, smooth UI and seamless checkout. Keep it up Swiggy.",positive
terrible quality from zomato. defective product right out of the box.,negative
payment failed but the money was deducted from my bank by paytm.,negative
loved the discount and lightning fast shipping on paytm today! 🎉,positive
been stuck on hold for 45 mins with amazon phone support.,negative
Has anyone tried the new premium subscription on Zomato?,neutral
Why did my subscription for Paytm auto-renew after I cancelled?,negative
Just downloaded the latest Amazon app update.,neutral
Love using Flipkart! Always reliable and fast. 💯,positive
App freezes every time I open the search tab on Zomato.,negative
Fix your buggy and glitchy app @Swiggy! Buttons don't respond.,negative
"Best platform ever, @PhonePe you guys rock! Five stars! ✨",positive
Refund marked processed but not reflecting in my bank account from PhonePe.,negative
Does anyone know how to change payment method on Zomato?,neutral
Just had an amazing experience with @Amazon. Thanks for the great service! #happy,positive
Absolutely fantastic service and prompt support from Flipkart today.,positive
Saw an advertisement for Swiggy on YouTube yesterday.,neutral
Loved the discount and lightning fast shipping on Amazon today! 🎉,positive
Love using Amazon! Always reliable and fast. 💯,positive
Why is it impossible to get help from a representative at PhonePe?,negative
Payment failed but the money was deducted from my bank by Amazon.,negative
Overcharged by Amazon on checkout and support refuses to adjust the bill.,negative
Just had an amazing experience with @Paytm. Thanks for the great service! #happy,positive
Flipkart arbitrarily rejected my valid return and refund claim.,negative
Hidden fees and unauthorized charges on PhonePe? Disgusting practice.,negative
"Returned the order 10 days ago, still no sign of refund from Zomato.",negative
@Amazon please check your direct messages regarding my ticket.,neutral
The Flipkart app keeps crashing constantly when I try to pay.,negative
Just had an amazing experience with @Swiggy. Thanks for the great service! #happy,positive
Using Flipkart makes my daily routine so much easier and pleasant.,positive
"Late delivery again, Zomato is so inconsistent and delayed.",negative
Kudos to the Zomato team for always delivering top quality products.,positive
Refund marked processed but not reflecting in my bank account from Swiggy.,negative
critical bug in paytm app: cart empties itself on checkout.,negative
The item I received from PhonePe is broken and counterfeit.,negative
Everything arrived in perfect condition. Thank you @Amazon!,positive
highly recommend zomato for everyone! great delivery and lovely packaging. #awesome,positive
"Food from Zomato was cold, stale, and smelled awful.",negative
"Returned the order 10 days ago, still no sign of refund from Zomato.",negative
"Great app, smooth UI and seamless checkout. Keep it up Flipkart.",positive
PhonePe is the absolute best! Delivery was super quick. https://example.com/xyz,positive
Does anyone know how to change payment method on Zomato?,neutral
Support representative closed my ticket without resolving anything on Zomato.,negative
Kudos to the Amazon team for always delivering top quality products.,positive
My order from Swiggy is 3 days late! 😡 #fail #terrible,negative
Not what I expected from Swiggy. Looks fake and cheap.,negative
Is Flipkart servers down for anyone else right now?,neutral
Package arrived completely damaged due to careless handling by PhonePe.,negative
Love using Paytm! Always reliable and fast. 💯,positive
"Great delivery by @Swiggy, loved it! Super fast and reliable. #satisfied",positive
i demand my money back flipkart! fraudulent refusal to refund.,negative
Fix your buggy and glitchy app @Zomato! Buttons don't respond.,negative
Outstanding customer support from Paytm. Solved my issue within 5 minutes!!1!,positive
Refund marked processed but not reflecting in my bank account from PhonePe.,negative
Saw an advertisement for Swiggy on YouTube yesterday.,neutral
Been stuck on hold for 45 mins with Zomato phone support.,negative
How long does standard delivery take on Swiggy?,neutral
My order from Amazon is 3 days late! 😡 #fail #terrible,negative
How long does standard delivery take on Zomato?,neutral
Thank you Swiggy for the quick resolution and courteous team 😊,positive
Highly recommend Flipkart for everyone! Great delivery and lovely packaging. #awesome,positive
Does anyone know how to change payment method on Paytm?,neutral
What are good alternative platforms to Swiggy?,neutral
Notice: Flipkart scheduled maintenance tonight at midnight.,neutral
Super impressed with @Swiggy! The driver was polite and order arrived early.,positive
Waiting for my scheduled delivery from PhonePe.,neutral
"Great app, smooth UI and seamless checkout. Keep it up PhonePe.",positive
"Can't log into my Zomato account, getting internal error 500.",negative
I demand my money back PhonePe! Fraudulent refusal to refund.,negative
Is Swiggy servers down for anyone else right now?,neutral
Does anyone know how to change payment method on Paytm?,neutral
Package arrived completely damaged due to careless handling by PhonePe.,negative
Waiting for my scheduled delivery from Swiggy.,neutral
Using Flipkart makes my daily routine so much easier and pleasant.,positive
I demand my money back Paytm! Fraudulent refusal to refund.,negative
Not what I expected from Amazon. Looks fake and cheap.,negative
Everything arrived in perfect condition. Thank you @Swiggy!,positive
Waiting for my scheduled delivery from Zomato.,neutral
Absolutely fantastic service and prompt support from Zomato today.,positive
Delivery driver from Paytm was extremely rude and unhelpful.,negative
I think PhonePe changed their user interface today.,neutral
"very good experience with phonepe. easy to use, fast refunds when requested.",positive
thank you swiggy for the quick resolution and courteous team 😊,positive
Using Paytm makes my daily routine so much easier and pleasant.,positive
Kudos to the Paytm team for always delivering top quality products.,positive
What are good alternative platforms to Zomato?,neutral
"Late delivery again, Swiggy is so inconsistent and delayed.",negative
"Great delivery by @Flipkart, loved it! Super fast and reliable. #satisfied",positive
Fix your buggy and glitchy app @Swiggy! Buttons don't respond.,negative
Kudos to the Paytm team for always delivering top quality products.,positive
What are good alternative platforms to PhonePe?,neutral
PhonePe charged my account twice for the exact same order.,negative
waiting for my scheduled delivery from flipkart.,neutral
Love using Swiggy!!1! Always reliable and fast. 💯,positive
"Best platform ever, @Zomato you guys rock! Five stars! ✨",positive
Just downloaded the latest PhonePe app update.,neutral
Critical bug in Paytm app: cart empties itself on checkout.,negative
thank you swiggy for the quick resolution and courteous team 😊,positive
Highly recommend Swiggy for everyone! Great delivery and lovely packaging. #awesome,positive
loved the discount and lightning fast shipping on zomato today!!1! 🎉,positive
My billing invoice from PhonePe has duplicate charges and incorrect tax.,negative
Super impressed with @PhonePe! The driver was polite and order arrived early.,positive
Using Zomato makes my daily routine so much easier and pleasant.,positive
pleasantly surprised by how quickly swiggy handled my inquiry.,positive
Worst customer service experience ever with @Zomato. Rude agents.,negative
Support representative closed my ticket without resolving anything on Flipkart.,negative
"Very good experience with Paytm. Easy to use, fast refunds when requested.",positive
My order from Swiggy is 3 days late! 😡 #fail #terrible,negative
Using PhonePe makes my daily routine so much easier and pleasant.,positive
Is Amazon servers down for anyone else right now?,neutral
Still waiting for my pending refund from Zomato after 3 weeks.,negative
Is Zomato servers down for anyone else right now?,neutral
Outstanding customer support from Swiggy. Solved my issue within 5 minutes!,positive
still waiting for my pending refund from paytm after 3 weeks.,negative
Kudos to the Paytm team for always delivering top quality products.,positive
Five stars for Flipkart! Loved the fast response and on-time order.,positive
Not what I expected from Amazon. Looks fake and cheap.,negative
waiting for my scheduled delivery from flipkart.,neutral
"Food from PhonePe was cold, stale, and smelled awful.",negative
using zomato makes my daily routine so much easier and pleasant.,positive
Notice: Swiggy scheduled maintenance tonight at midnight.,neutral
Delicious food and timely delivery by Zomato. Will order again!,positive
"Great delivery by @Amazon, loved it! Super fast and reliable. #satisfied",positive
Delicious food and timely delivery by Swiggy. Will order again!,positive
just downloaded the latest amazon app update.,neutral
Using Amazon makes my daily routine so much easier and pleasant.,positive
Never got my delivery from @Zomato. Worst service ever.,negative
Thank you Flipkart for the quick resolution and courteous team 😊,positive
Just downloaded the latest Paytm app update.,neutral
Wondering if Paytm delivers to rural postal codes.,neutral
Absolutely fantastic service and prompt support from Amazon today.,positive
my billing invoice from paytm has duplicate charges and incorrect tax.,negative
Flipkart website is completely broken on checkout page.,negative
just downloaded the latest flipkart app update.,neutral
App freezes every time I open the search tab on Swiggy.,negative
Kudos to the Swiggy team for always delivering top quality products.,positive
What are good alternative platforms to Paytm?,neutral
Delicious food and timely delivery by Paytm. Will order again!,positive
Delivery driver from PhonePe was extremely rude and unhelpful.,negative
"Great app, smooth UI and seamless checkout. Keep it up Zomato.",positive
Is Paytm servers down for anyone else right now?,neutral
Support representative closed my ticket without resolving anything on Zomato.,negative
What are good alternative platforms to PhonePe?,neutral
Using PhonePe makes my daily routine so much easier and pleasant.,positive
Trying out Swiggy for the first time this week.,neutral
My order from Swiggy is 3 days late! 😡 #fail #terrible,negative
@Flipkart please check your direct messages regarding my ticket.,neutral
Does anyone know how to change payment method on Amazon?,neutral
my billing invoice from amazon has duplicate charges and incorrect tax.,negative
Not what I expected from Amazon. Looks fake and cheap.,negative
Just downloaded the latest PhonePe app update.,neutral
been stuck on hold for 45 mins with zomato phone support.,negative
"Great delivery by @Paytm, loved it! Super fast and reliable. #satisfied",positive
The packaging from @Swiggy was completely crushed and leaking.,negative
Been stuck on hold for 45 mins with Flipkart phone support.,negative
"Very good experience with Swiggy. Easy to use, fast refunds when requested.",positive
Fix your buggy and glitchy app @Amazon! Buttons don't respond.,negative
Why is it impossible to get help from a representative at Swiggy?,negative
Has anyone tried the new premium subscription on PhonePe?,neutral
@Swiggy please check your direct messages regarding my ticket.,neutral
Does anyone know how to change payment method on PhonePe?,neutral
Has anyone tried the new premium subscription on Amazon?,neutral
Support representative closed my ticket without resolving anything on Amazon.,negative
Where is my money @PhonePe? Refund not processed after return #scam,negative
Just comparing prices between PhonePe and other apps.,neutral
Received a spoiled item from Zomato. Horrible quality check.,negative
Has anyone tried the new premium subscription on Paytm?,neutral
Pleasantly surprised by how quickly Amazon handled my inquiry.,positive
Love using Amazon! Always reliable and fast. 💯,positive
Everything arrived in perfect condition. Thank you @Amazon!,positive
Pleasantly surprised by how quickly PhonePe handled my inquiry.,positive
how long does standard delivery take on zomato?,neutral
Critical bug in Flipkart app: cart empties itself on checkout.,negative
@Swiggy please check your direct messages regarding my ticket.,neutral
Kudos to the Paytm team for always delivering top quality products.,positive
Loved the discount and lightning fast shipping on Zomato today! 🎉,positive
Paytm is the absolute best! Delivery was super quick. https://example.com/xyz,positive
using paytm makes my daily routine so much easier and pleasant.,positive
Is PhonePe servers down for anyone else right now?,neutral
Is Flipkart servers down for anyone else right now?,neutral
Has anyone tried the new premium subscription on Flipkart?,neutral
Everything arrived in perfect condition. Thank you @Paytm!,positive
"Great app, smooth UI and seamless checkout. Keep it up Paytm.",positive
just downloaded the latest phonepe app update.,neutral
Seamless payment experience on Amazon. Really happy with the new update.,positive
Never got my delivery from @Paytm. Worst service ever.,negative
Amazon website is completely broken on checkout page.,negative
Absolutely fantastic service and prompt support from Swiggy today.,positive
Thank you Paytm for the quick resolution and courteous team 😊,positive
"Great delivery by @Flipkart, loved it! Super fast and reliable. #satisfied",positive
Highly recommend PhonePe for everyone! Great delivery and lovely packaging. #awesome,positive
App freezes every time I open the search tab on Swiggy.,negative
Terrible quality from Paytm. Defective product right out of the box.,negative
Just had an amazing experience with @PhonePe. Thanks for the great service! #happy,positive
The packaging from @PhonePe was completely crushed and leaking.,negative
Love using PhonePe! Always reliable and fast. 💯,positive
where is my money @swiggy? refund not processed after return #scam,negative
App freezes every time I open the search tab on Amazon.,negative
Loved the discount and lightning fast shipping on Paytm today! 🎉,positive
Super impressed with @Amazon! The driver was polite and order arrived early.,positive
The packaging from @Amazon was completely crushed and leaking.,negative
Amazon charged my account twice for the exact same order.,negative
Just downloaded the latest Amazon app update.,neutral
I think Amazon changed their user interface today.,neutral
Outstanding customer support from PhonePe. Solved my issue within 5 minutes!,positive
My order from Flipkart is 3 days late! 😡 #fail #terrible,negative
Saw an advertisement for Zomato on YouTube yesterday.,neutral
"Great delivery by @Flipkart, loved it! Super fast and reliable. #satisfied",positive
Outstanding customer support from PhonePe. Solved my issue within 5 minutes!,positive
loved the discount and lightning fast shipping on flipkart today! 🎉,positive
Waited 4 hours for my food delivery from @PhonePe. Disgraceful delay.,negative
Absolutely fantastic service and prompt support from Flipkart today.,positive
I think Flipkart changed their user interface today.,neutral
Using Amazon makes my daily routine so much easier and pleasant.,positive
Payment failed but the money was deducted from my bank by Swiggy.,negative
Saw an advertisement for Paytm on YouTube yesterday.,neutral
Is Amazon servers down for anyone else right now?,neutral
Waiting for my scheduled delivery from Swiggy.,neutral
Just downloaded the latest Swiggy app update.,neutral
Kudos to the Flipkart team for always delivering top quality products.,positive
Fix your buggy and glitchy app @Swiggy! Buttons don't respond.,negative
seamless payment experience on phonepe. really happy with the new update.,positive
Trying out Flipkart for the first time this week.,neutral
"Very good experience with Swiggy. Easy to use, fast refunds when requested.",positive
"Can't log into my Swiggy account, getting internal error 500.",negative
"Returned the order 10 days ago, still no sign of refund from Zomato.",negative
Wondering if Paytm delivers to rural postal codes.,neutral
I think Paytm changed their user interface today.,neutral
Delivery driver from Flipkart was extremely rude and unhelpful.,negative
Super impressed with @Flipkart!!1! The driver was polite and order arrived early.,positive
pleasantly surprised by how quickly swiggy handled my inquiry.,positive
why did my subscription for swiggy auto-renew after i cancelled?,negative
"Very good experience with Swiggy. Easy to use, fast refunds when requested.",positive
Tracking status says delivered but I received nothing from Swiggy.,negative
"Best platform ever, @Zomato you guys rock! Five stars! ✨",positive
Just downloaded the latest Amazon app update.,neutral
Does anyone know how to change payment method on Zomato?,neutral
Package arrived completely damaged due to careless handling by Swiggy.,negative
Is Amazon servers down for anyone else right now?,neutral
Thank you Amazon for the quick resolution and courteous team 😊,positive
Refund marked processed but not reflecting in my bank account from Zomato.,negative
"Great delivery by @Swiggy, loved it! Super fast and reliable. #satisfied",positive
not what i expected from swiggy. looks fake and cheap.,negative
"Can't log into my Amazon account, getting internal error 500.",negative
"Food from PhonePe was cold, stale, and smelled awful.",negative
Never got my delivery from @Zomato. Worst service ever.,negative
Saw an advertisement for Paytm on YouTube yesterday.,neutral
How long does standard delivery take on Amazon?,neutral
"Best platform ever, @PhonePe you guys rock! Five stars! ✨",positive
Support representative closed my ticket without resolving anything on Flipkart.,negative
Just downloaded the latest Zomato app update.,neutral
"Can't log into my Paytm account, getting internal error 500.",negative
Has anyone tried the new premium subscription on Flipkart?,neutral
"The automated bot on PhonePe is useless, can never speak to a human.",negative
How long does standard delivery take on Flipkart?,neutral
Absolutely fantastic service and prompt support from Zomato today.,positive
I think Zomato changed their user interface today.,neutral
"Great app, smooth UI and seamless checkout. Keep it up Flipkart.",positive
"Great app, smooth UI and seamless checkout. Keep it up Zomato.",positive
Worst customer service experience ever with @Amazon. Rude agents.,negative
Why did my subscription for Amazon auto-renew after I cancelled?,negative
Just comparing prices between Zomato and other apps.,neutral
The item I received from PhonePe is broken and counterfeit.,negative
Can you pay with crypto or UPI credit on Zomato?,neutral
Five stars for Amazon!!1! Loved the fast response and on-time order.,positive
What are good alternative platforms to PhonePe?,neutral
Thank you Flipkart for the quick resolution and courteous team 😊,positive
"The automated bot on Swiggy is useless, can never speak to a human.",negative
What are good alternative platforms to Flipkart?,neutral
How long does standard delivery take on Amazon?,neutral
Does anyone know how to change payment method on PhonePe?,neutral
Tracking status says delivered but I received nothing from PhonePe.,negative
Kudos to the PhonePe team for always delivering top quality products.,positive
Kudos to the Amazon team for always delivering top quality products.,positive
Highly recommend Flipkart for everyone! Great delivery and lovely packaging. #awesome,positive
Been stuck on hold for 45 mins with Flipkart phone support.,negative
Just comparing prices between PhonePe and other apps.,neutral
Thank you Amazon for the quick resolution and courteous team 😊,positive
Terrible quality from Amazon. Defective product right out of the box.,negative
Seamless payment experience on Flipkart. Really happy with the new update.,positive
Received a spoiled item from Swiggy. Horrible quality check.,negative
tracking status says delivered but i received nothing from paytm.,negative
"Great delivery by @Flipkart, loved it! Super fast and reliable. #satisfied",positive
Can you pay with crypto or UPI credit on Flipkart?,neutral
Refund marked processed but not reflecting in my bank account from Flipkart.,negative
what are good alternative platforms to phonepe?,neutral
My billing invoice from Swiggy has duplicate charges and incorrect tax.,negative
Outstanding customer support from Swiggy. Solved my issue within 5 minutes!,positive
Fix your buggy and glitchy app @Zomato!!1! Buttons don't respond.,negative
Flipkart is the absolute best! Delivery was super quick. https://example.com/xyz,positive
Why did my subscription for Zomato auto-renew after I cancelled?,negative
Super impressed with @Paytm!!1! The driver was polite and order arrived early.,positive
Saw an advertisement for Flipkart on YouTube yesterday.,neutral
The packaging from @PhonePe was completely crushed and leaking.,negative
Super impressed with @Zomato! The driver was polite and order arrived early.,positive
Saw an advertisement for Paytm on YouTube yesterday.,neutral
PhonePe arbitrarily rejected my valid return and refund claim.,negative
"Very good experience with Zomato. Easy to use, fast refunds when requested.",positive
Delicious food and timely delivery by Amazon. Will order again!,positive
"Best platform ever, @Swiggy you guys rock! Five stars! ✨",positive
Everything arrived in perfect condition. Thank you @Paytm!,positive
My order from Swiggy is 3 days late! 😡 #fail #terrible,negative
I demand my money back Amazon! Fraudulent refusal to refund.,negative
Zomato website is completely broken on checkout page.,negative
hidden fees and unauthorized charges on swiggy? disgusting practice.,negative
trying out zomato for the first time this week.,neutral
Notice: Zomato scheduled maintenance tonight at midnight.,neutral
Outstanding customer support from Zomato. Solved my issue within 5 minutes!,positive
Trying out PhonePe for the first time this week.,neutral
Is Amazon servers down for anyone else right now?,neutral
Thank you PhonePe for the quick resolution and courteous team 😊,positive
Pleasantly surprised by how quickly Flipkart handled my inquiry.,positive
My billing invoice from Flipkart has duplicate charges and incorrect tax.,negative
I demand my money back Amazon! Fraudulent refusal to refund.,negative
"Very good experience with Flipkart. Easy to use, fast refunds when requested.",positive
Delicious food and timely delivery by Zomato. Will order again!,positive
Still waiting for my pending refund from Amazon after 3 weeks.,negative
Absolutely fantastic service and prompt support from Paytm today.,positive
Absolutely fantastic service and prompt support from Zomato today.,positive
everything arrived in perfect condition. thank you @phonepe!,positive
Paytm website is completely broken on checkout page.,negative
Critical bug in Flipkart app: cart empties itself on checkout.,negative
Why did my subscription for PhonePe auto-renew after I cancelled?,negative
Critical bug in Flipkart app: cart empties itself on checkout.,negative
Just downloaded the latest Flipkart app update.,neutral
Fix your buggy and glitchy app @Flipkart! Buttons don't respond.,negative
Is Flipkart servers down for anyone else right now?,neutral
Using Amazon makes my daily routine so much easier and pleasant.,positive
Is Paytm servers down for anyone else right now?,neutral
Just had an amazing experience with @PhonePe. Thanks for the great service! #happy,positive
Loved the discount and lightning fast shipping on Flipkart today! 🎉,positive
@Zomato please check your direct messages regarding my ticket.,neutral
Thank you Paytm for the quick resolution and courteous team 😊,positive
Terrible quality from Amazon. Defective product right out of the box.,negative
Delicious food and timely delivery by Amazon. Will order again!,positive
Waiting for my scheduled delivery from Swiggy.,neutral
Five stars for Zomato! Loved the fast response and on-time order.,positive
Absolutely fantastic service and prompt support from PhonePe today.,positive
Payment failed but the money was deducted from my bank by Zomato.,negative
i think zomato changed their user interface today.,neutral
Just comparing prices between Paytm and other apps.,neutral
Been stuck on hold for 45 mins with Flipkart phone support.,negative
Love using Swiggy! Always reliable and fast. 💯,positive
swiggy website is completely broken on checkout page.,negative
What are good alternative platforms to Amazon?,neutral
Critical bug in Paytm app: cart empties itself on checkout.,negative
delivery driver from paytm was extremely rude and unhelpful.,negative
"great app, smooth ui and seamless checkout. keep it up paytm.",positive
super impressed with @zomato! the driver was polite and order arrived early.,positive
Support representative closed my ticket without resolving anything on Flipkart.,negative
The PhonePe app keeps crashing constantly when I try to pay.,negative
Never got my delivery from @Paytm. Worst service ever.,negative
Amazon charged my account twice for the exact same order.,negative
What are good alternative platforms to Flipkart?,neutral
Loved the discount and lightning fast shipping on PhonePe today! 🎉,positive
Not what I expected from Flipkart. Looks fake and cheap.,negative
Where is my money @Amazon? Refund not processed after return #scam,negative
"Returned the order 10 days ago, still no sign of refund from Swiggy.",negative
The packaging from @Flipkart was completely crushed and leaking.,negative
Five stars for Flipkart! Loved the fast response and on-time order.,positive
Outstanding customer support from Swiggy. Solved my issue within 5 minutes!,positive
Waited 4 hours for my food delivery from @Paytm. Disgraceful delay.,negative
Is Paytm servers down for anyone else right now?,neutral
Just had an amazing experience with @Swiggy. Thanks for the great service! #happy,positive
Highly recommend Swiggy for everyone! Great delivery and lovely packaging. #awesome,positive
Is Zomato servers down for anyone else right now?,neutral
Where is my money @Swiggy? Refund not processed after return #scam,negative
How long does standard delivery take on Swiggy?,neutral
"Very good experience with Flipkart. Easy to use, fast refunds when requested.",positive
Refund marked processed but not reflecting in my bank account from Zomato.,negative
Payment failed but the money was deducted from my bank by PhonePe.,negative
Why did my subscription for Flipkart auto-renew after I cancelled?,negative
Saw an advertisement for Amazon on YouTube yesterday.,neutral
@Paytm please check your direct messages regarding my ticket.,neutral
Five stars for Amazon! Loved the fast response and on-time order.,positive
kudos to the zomato team for always delivering top quality products.,positive
Never got my delivery from @Swiggy. Worst service ever.,negative
"Very good experience with Flipkart. Easy to use, fast refunds when requested.",positive
Can you pay with crypto or UPI credit on Swiggy?,neutral
Kudos to the Zomato team for always delivering top quality products.,positive
"Great app, smooth UI and seamless checkout. Keep it up Flipkart.",positive
Pleasantly surprised by how quickly Paytm handled my inquiry.,positive
Waiting for my scheduled delivery from Paytm.,neutral
Delicious food and timely delivery by Swiggy. Will order again!,positive
"Food from Amazon was cold, stale, and smelled awful.",negative
How long does standard delivery take on Swiggy?,neutral
Paytm is the absolute best! Delivery was super quick. https://example.com/xyz,positive
Kudos to the Zomato team for always delivering top quality products.,positive
Never got my delivery from @Paytm. Worst service ever.,negative
Seamless payment experience on Zomato. Really happy with the new update.,positive
Trying out Amazon for the first time this week.,neutral
Has anyone tried the new premium subscription on Zomato?,neutral
Has anyone tried the new premium subscription on Swiggy?,neutral
The item I received from Paytm is broken and counterfeit.,negative
trying out flipkart for the first time this week.,neutral
outstanding customer support from zomato. solved my issue within 5 minutes!,positive
Five stars for Zomato!!1! Loved the fast response and on-time order.,positive
"great delivery by @swiggy, loved it! super fast and reliable. #satisfied",positive
Is PhonePe servers down for anyone else right now?,neutral
"very good experience with flipkart. easy to use, fast refunds when requested.",positive
Is Zomato servers down for anyone else right now?,neutral
paytm is the absolute best! delivery was super quick. https://example.com/xyz,positive
Everything arrived in perfect condition. Thank you @Paytm!,positive
"Great delivery by @Paytm, loved it! Super fast and reliable. #satisfied",positive
Paytm charged my account twice for the exact same order.,negative
Still waiting for my pending refund from PhonePe after 3 weeks.,negative
"Returned the order 10 days ago, still no sign of refund from Zomato.",negative
Received a spoiled item from PhonePe. Horrible quality check.,negative
Using Zomato makes my daily routine so much easier and pleasant.,positive
terrible quality from swiggy. defective product right out of the box.,negative
